{
    "deretraction_speed": [
        "50"
    ],
    "from": "User",
    "inherits": "Voron Trident 250 0.4 nozzle",
    "is_custom_defined": "0",
    "machine_max_acceleration_extruding": [
        "10000",
        "20000"
    ],
    "machine_max_acceleration_travel": [
        "9000",
        "9000"
    ],
    "machine_max_acceleration_x": [
        "16000",
        "20000"
    ],
    "machine_max_acceleration_y": [
        "6600",
        "20000"
    ],
    "machine_start_gcode": "M104 S0 ; Stops OrcaSlicer from sending temp waits separately\nM140 S0\nprint_start EXTRUDER=[first_layer_temperature] BED=[first_layer_bed_temperature]",
    "name": "Voron Trident 0.4er Nozzle",
    "print_host": "192.168.2.206",
    "printable_area": [
        "0x0",
        "254x0",
        "254x254",
        "0x254"
    ],
    "printer_settings_id": "Voron Trident 0.4er Nozzle",
    "retraction_length": [
        "1"
    ],
    "retraction_speed": [
        "60"
    ],
    "version": "1.7.0.1",
    "z_hop": [
        "0.2"
    ]
}
